{"cameraMode":{"drawMode":0,"name":"Shaded","section":"Shading Mode"},"sceneLighting":false,"audioPlay":false,"sceneViewState":{"m_AlwaysRefresh":false,"showFog":true,"showSkybox":false,"showFlares":true,"showImageEffects":true,"showParticleSystems":true,"showVisualEffectGraphs":true,"m_FxEnabled":false},"in2DMode":false,"pivot":{"x":-0.7521184682846069,"y":0.48816490173339846,"z":5.938968658447266},"rotation":{"x":-0.035361479967832568,"y":-0.04137103632092476,"z":0.001453927019611001,"w":-0.9985315203666687},"size":5.855383396148682,"orthographic":false}