{"cameraMode":{"drawMode":0,"name":"Shaded","section":"Shading Mode"},"sceneLighting":false,"audioPlay":false,"sceneViewState":{"m_AlwaysRefresh":false,"showFog":true,"showSkybox":false,"showFlares":true,"showImageEffects":true,"showParticleSystems":true,"showVisualEffectGraphs":true,"m_FxEnabled":true},"in2DMode":false,"pivot":{"x":0.041610002517700198,"y":2.108499526977539,"z":20.38888931274414},"rotation":{"x":0.4191996157169342,"y":0.06662924587726593,"z":-0.03086349368095398,"w":0.9049322605133057},"size":2.4623684883117677,"orthographic":false}