{"cameraMode":{"drawMode":0,"name":"Shaded","section":"Shading Mode"},"sceneLighting":false,"audioPlay":false,"sceneViewState":{"m_AlwaysRefresh":false,"showFog":true,"showSkybox":false,"showFlares":true,"showImageEffects":true,"showParticleSystems":true,"showVisualEffectGraphs":true,"m_FxEnabled":true},"in2DMode":false,"pivot":{"x":-6.1924848556518559,"y":2.224658250808716,"z":18.790714263916017},"rotation":{"x":0.4191996157169342,"y":0.06662924587726593,"z":-0.03086349368095398,"w":0.9049322605133057},"size":0.9873383641242981,"orthographic":false}