{"cameraMode":{"drawMode":0,"name":"Shaded","section":"Shading Mode"},"sceneLighting":true,"audioPlay":false,"sceneViewState":{"m_AlwaysRefresh":false,"showFog":true,"showSkybox":true,"showFlares":true,"showImageEffects":true,"showParticleSystems":true,"showVisualEffectGraphs":true,"m_FxEnabled":true},"in2DMode":false,"pivot":{"x":-2.9285011291503908,"y":0.06856644153594971,"z":0.22941887378692628},"rotation":{"x":-0.35693517327308657,"y":0.07255007326602936,"z":-0.02700594626367092,"w":-0.9311327338218689},"size":1.278827428817749,"orthographic":false}