{"cameraMode":{"drawMode":0,"name":"Shaded","section":"Shading Mode"},"sceneLighting":true,"audioPlay":false,"sceneViewState":{"m_AlwaysRefresh":false,"showFog":true,"showSkybox":true,"showFlares":true,"showImageEffects":true,"showParticleSystems":true,"showVisualEffectGraphs":true,"m_FxEnabled":true},"in2DMode":false,"pivot":{"x":0.27658167481422427,"y":-0.08358268439769745,"z":0.21128302812576295},"rotation":{"x":0.09367670118808747,"y":0.5282468795776367,"z":-0.05915725976228714,"w":0.8420490026473999},"size":0.3651028275489807,"orthographic":false}