{"cameraMode":{"drawMode":0,"name":"Shaded","section":"Shading Mode"},"sceneLighting":true,"audioPlay":false,"sceneViewState":{"m_AlwaysRefresh":false,"showFog":true,"showSkybox":true,"showFlares":true,"showImageEffects":true,"showParticleSystems":true,"showVisualEffectGraphs":true,"m_FxEnabled":true},"in2DMode":false,"pivot":{"x":-4.1632819175720219,"y":-0.44413280487060549,"z":0.8223458528518677},"rotation":{"x":0.20408353209495545,"y":-0.6435250639915466,"z":0.18281716108322144,"w":0.714913010597229},"size":4.323120594024658,"orthographic":false}