{"cameraMode":{"drawMode":0,"name":"Shaded","section":"Shading Mode"},"sceneLighting":false,"audioPlay":false,"sceneViewState":{"m_AlwaysRefresh":false,"showFog":true,"showSkybox":false,"showFlares":true,"showImageEffects":true,"showParticleSystems":true,"showVisualEffectGraphs":true,"m_FxEnabled":true},"in2DMode":false,"pivot":{"x":-0.2986188232898712,"y":0.0000010095536708831788,"z":1.5774788856506348},"rotation":{"x":0.0689617469906807,"y":0.895647406578064,"z":-0.41326606273651125,"w":0.14940595626831056},"size":0.3200925886631012,"orthographic":false}