{"cameraMode":{"drawMode":0,"name":"Shaded","section":"Shading Mode"},"sceneLighting":false,"audioPlay":false,"sceneViewState":{"m_AlwaysRefresh":false,"showFog":true,"showSkybox":false,"showFlares":true,"showImageEffects":true,"showParticleSystems":true,"showVisualEffectGraphs":true,"m_FxEnabled":true},"in2DMode":false,"pivot":{"x":-0.23320508003234864,"y":-0.43138718605041506,"z":2.1882402896881105},"rotation":{"x":-0.24230588972568513,"y":0.023858539760112764,"z":-0.005979621782898903,"w":-0.9699177742004395},"size":1.579403042793274,"orthographic":false}