{"cameraMode":{"drawMode":0,"name":"Shaded","section":"Shading Mode"},"sceneLighting":false,"audioPlay":false,"sceneViewState":{"m_AlwaysRefresh":false,"showFog":true,"showSkybox":false,"showFlares":true,"showImageEffects":true,"showParticleSystems":true,"showVisualEffectGraphs":true,"m_FxEnabled":true},"in2DMode":false,"pivot":{"x":-0.3523683547973633,"y":0.08136552572250366,"z":-1.0664782524108887},"rotation":{"x":-0.06785273551940918,"y":0.8872219324111939,"z":-0.13846074044704438,"w":-0.43483251333236697},"size":6.652085304260254,"orthographic":false}